0.001000	-3.333333	-3.333333	3.333333	
0.002000	-3.333333	-3.333333	3.333333	
0.003000	-3.333334	-3.333334	3.333334	
0.004000	-3.333334	-3.333334	3.333334	
0.005000	-3.333334	-3.333334	3.333334	
0.006000	-3.333335	-3.333335	3.333335	
0.007000	-3.333335	-3.333335	3.333335	
0.008000	-3.333336	-3.333336	3.333336	
0.009000	-3.333337	-3.333337	3.333337	
0.010000	-3.333337	-3.333337	3.333337	
0.011000	-3.333338	-3.333338	3.333338	
0.012000	-3.333339	-3.333339	3.333339	
0.013000	-3.333340	-3.333340	3.333340	
0.014000	-3.333341	-3.333341	3.333341	
0.015000	-3.333343	-3.333343	3.333343	
0.016000	-3.333344	-3.333344	3.333344	
0.017000	-3.333345	-3.333345	3.333345	
0.018000	-3.333347	-3.333347	3.333347	
0.019000	-3.333348	-3.333348	3.333348	
0.020000	-3.333350	-3.333350	3.333350	
0.021000	-3.333352	-3.333352	3.333352	
0.022000	-3.333353	-3.333353	3.333353	
0.023000	-3.333355	-3.333355	3.333355	
0.024000	-3.333357	-3.333357	3.333357	
0.025000	-3.333359	-3.333359	3.333359	
0.026000	-3.333361	-3.333361	3.333361	
0.027000	-3.333364	-3.333364	3.333364	
0.028000	-3.333366	-3.333366	3.333366	
0.029000	-3.333368	-3.333368	3.333368	
0.030000	-3.333371	-3.333371	3.333371	
0.031000	-3.333373	-3.333373	3.333373	
0.032000	-3.333376	-3.333376	3.333376	
0.033000	-3.333379	-3.333379	3.333379	
0.034000	-3.333381	-3.333381	3.333381	
0.035000	-3.333384	-3.333384	3.333384	
0.036000	-3.333387	-3.333387	3.333387	
0.037000	-3.333390	-3.333390	3.333390	
0.038000	-3.333393	-3.333393	3.333393	
0.039000	-3.333396	-3.333396	3.333396	
0.040000	-3.333400	-3.333400	3.333400	
0.041000	-3.333403	-3.333403	3.333403	
0.042000	-3.333407	-3.333407	3.333407	
0.043000	-3.333410	-3.333410	3.333410	
0.044000	-3.333414	-3.333414	3.333414	
0.045000	-3.333417	-3.333417	3.333417	
0.046000	-3.333421	-3.333421	3.333421	
0.047000	-3.333425	-3.333425	3.333425	
0.048000	-3.333429	-3.333429	3.333429	
0.049000	-3.333433	-3.333433	3.333433	
0.050000	-3.333437	-3.333437	3.333437	
0.051000	-3.333441	-3.333441	3.333441	
0.052000	-3.333446	-3.333446	3.333446	
0.053000	-3.333450	-3.333450	3.333450	
0.054000	-3.333454	-3.333454	3.333454	
0.055000	-3.333459	-3.333459	3.333459	
0.056000	-3.333464	-3.333464	3.333463	
0.057000	-3.333468	-3.333468	3.333468	
0.058000	-3.333473	-3.333473	3.333473	
0.059000	-3.333478	-3.333478	3.333478	
0.060000	-3.333483	-3.333483	3.333483	
0.061000	-3.333488	-3.333488	3.333488	
0.062000	-3.333493	-3.333493	3.333493	
0.063000	-3.333498	-3.333498	3.333498	
0.064000	-3.333503	-3.333503	3.333503	
0.065000	-3.333509	-3.333509	3.333509	
0.066000	-3.333514	-3.333514	3.333514	
0.067000	-3.333520	-3.333520	3.333520	
0.068000	-3.333525	-3.333525	3.333525	
0.069000	-3.333531	-3.333531	3.333531	
0.070000	-3.333537	-3.333537	3.333537	
0.071000	-3.333543	-3.333543	3.333542	
0.072000	-3.333549	-3.333549	3.333548	
0.073000	-3.333555	-3.333555	3.333554	
0.074000	-3.333561	-3.333561	3.333560	
0.075000	-3.333567	-3.333567	3.333567	
0.076000	-3.333573	-3.333573	3.333573	
0.077000	-3.333580	-3.333580	3.333579	
0.078000	-3.333586	-3.333586	3.333586	
0.079000	-3.333593	-3.333593	3.333592	
0.080000	-3.333599	-3.333599	3.333599	
0.081000	-3.333606	-3.333606	3.333605	
0.082000	-3.333613	-3.333613	3.333612	
0.083000	-3.333620	-3.333619	3.333619	
0.084000	-3.333627	-3.333626	3.333626	
0.085000	-3.333634	-3.333633	3.333633	
0.086000	-3.333641	-3.333641	3.333640	
0.087000	-3.333648	-3.333648	3.333647	
0.088000	-3.333655	-3.333655	3.333655	
0.089000	-3.333662	-3.333662	3.333662	
0.090000	-3.333670	-3.333670	3.333669	
0.091000	-3.333677	-3.333677	3.333677	
0.092000	-3.333685	-3.333685	3.333684	
0.093000	-3.333693	-3.333693	3.333692	
0.094000	-3.333701	-3.333700	3.333700	
0.095000	-3.333708	-3.333708	3.333708	
0.096000	-3.333716	-3.333716	3.333716	
0.097000	-3.333724	-3.333724	3.333724	
0.098000	-3.333733	-3.333732	3.333732	
0.099000	-3.333741	-3.333741	3.333740	
0.100000	-3.333749	-3.333749	3.333748	
0.101000	-3.333757	-3.333757	3.333756	
0.102000	-3.333766	-3.333766	3.333765	
0.103000	-3.333774	-3.333774	3.333773	
0.104000	-3.333783	-3.333783	3.333782	
0.105000	-3.333792	-3.333791	3.333791	
0.106000	-3.333801	-3.333800	3.333799	
0.107000	-3.333809	-3.333809	3.333808	
0.108000	-3.333818	-3.333818	3.333817	
0.109000	-3.333827	-3.333827	3.333826	
0.110000	-3.333837	-3.333836	3.333835	
0.111000	-3.333846	-3.333845	3.333844	
0.112000	-3.333855	-3.333855	3.333853	
0.113000	-3.333864	-3.333864	3.333863	
0.114000	-3.333874	-3.333874	3.333872	
0.115000	-3.333883	-3.333883	3.333882	
0.116000	-3.333893	-3.333893	3.333891	
0.117000	-3.333903	-3.333902	3.333901	
0.118000	-3.333913	-3.333912	3.333911	
0.119000	-3.333922	-3.333922	3.333920	
0.120000	-3.333932	-3.333932	3.333930	
0.121000	-3.333942	-3.333942	3.333940	
0.122000	-3.333953	-3.333952	3.333950	
0.123000	-3.333963	-3.333962	3.333960	
0.124000	-3.333973	-3.333973	3.333971	
0.125000	-3.333983	-3.333983	3.333981	
0.126000	-3.333994	-3.333993	3.333991	
0.127000	-3.334004	-3.334004	3.334002	
0.128000	-3.334015	-3.334015	3.334012	
0.129000	-3.334026	-3.334025	3.334023	
0.130000	-3.334037	-3.334036	3.334034	
0.131000	-3.334048	-3.334047	3.334045	
0.132000	-3.334059	-3.334058	3.334056	
0.133000	-3.334070	-3.334069	3.334066	
0.134000	-3.334081	-3.334080	3.334078	
0.135000	-3.334092	-3.334091	3.334089	
0.136000	-3.334103	-3.334103	3.334100	
0.137000	-3.334115	-3.334114	3.334111	
0.138000	-3.334126	-3.334125	3.334123	
0.139000	-3.334138	-3.334137	3.334134	
0.140000	-3.334149	-3.334149	3.334146	
0.141000	-3.334161	-3.334160	3.334157	
0.142000	-3.334173	-3.334172	3.334169	
0.143000	-3.334185	-3.334184	3.334181	
0.144000	-3.334197	-3.334196	3.334193	
0.145000	-3.334209	-3.334208	3.334205	
0.146000	-3.334221	-3.334220	3.334217	
0.147000	-3.334233	-3.334232	3.334229	
0.148000	-3.334246	-3.334245	3.334241	
0.149000	-3.334258	-3.334257	3.334253	
0.150000	-3.334271	-3.334270	3.334266	
0.151000	-3.334283	-3.334282	3.334278	
0.152000	-3.334296	-3.334295	3.334291	
0.153000	-3.334309	-3.334308	3.334303	
0.154000	-3.334321	-3.334320	3.334316	
0.155000	-3.334334	-3.334333	3.334329	
0.156000	-3.334347	-3.334346	3.334341	
0.157000	-3.334360	-3.334359	3.334354	
0.158000	-3.334374	-3.334372	3.334367	
0.159000	-3.334387	-3.334386	3.334381	
0.160000	-3.334400	-3.334399	3.334394	
0.161000	-3.334414	-3.334412	3.334407	
0.162000	-3.334427	-3.334426	3.334420	
0.163000	-3.334441	-3.334439	3.334434	
0.164000	-3.334455	-3.334453	3.334447	
0.165000	-3.334468	-3.334467	3.334461	
0.166000	-3.334482	-3.334481	3.334475	
0.167000	-3.334496	-3.334495	3.334488	
0.168000	-3.334510	-3.334509	3.334502	
0.169000	-3.334524	-3.334523	3.334516	
0.170000	-3.334538	-3.334537	3.334530	
0.171000	-3.334553	-3.334551	3.334544	
0.172000	-3.334567	-3.334565	3.334558	
0.173000	-3.334582	-3.334580	3.334573	
0.174000	-3.334596	-3.334594	3.334587	
0.175000	-3.334611	-3.334609	3.334601	
0.176000	-3.334625	-3.334624	3.334616	
0.177000	-3.334640	-3.334638	3.334630	
0.178000	-3.334655	-3.334653	3.334645	
0.179000	-3.334670	-3.334668	3.334660	
0.180000	-3.334685	-3.334683	3.334675	
0.181000	-3.334700	-3.334698	3.334690	
0.182000	-3.334716	-3.334713	3.334705	
0.183000	-3.334731	-3.334729	3.334720	
0.184000	-3.334746	-3.334744	3.334735	
0.185000	-3.334762	-3.334760	3.334750	
0.186000	-3.334777	-3.334775	3.334765	
0.187000	-3.334793	-3.334791	3.334781	
0.188000	-3.334809	-3.334806	3.334796	
0.189000	-3.334825	-3.334822	3.334812	
0.190000	-3.334841	-3.334838	3.334827	
0.191000	-3.334857	-3.334854	3.334843	
0.192000	-3.334873	-3.334870	3.334859	
0.193000	-3.334889	-3.334886	3.334875	
0.194000	-3.334905	-3.334902	3.334891	
0.195000	-3.334921	-3.334919	3.334907	
0.196000	-3.334938	-3.334935	3.334923	
0.197000	-3.334954	-3.334951	3.334939	
0.198000	-3.334971	-3.334968	3.334956	
0.199000	-3.334988	-3.334985	3.334972	
0.200000	-3.335004	-3.335001	3.334988	
0.201000	-3.335021	-3.335018	3.335005	
0.202000	-3.335038	-3.335035	3.335022	
0.203000	-3.335055	-3.335052	3.335038	
0.204000	-3.335072	-3.335069	3.335055	
0.205000	-3.335090	-3.335086	3.335072	
0.206000	-3.335107	-3.335103	3.335089	
0.207000	-3.335124	-3.335121	3.335106	
0.208000	-3.335142	-3.335138	3.335123	
0.209000	-3.335159	-3.335156	3.335140	
0.210000	-3.335177	-3.335173	3.335157	
0.211000	-3.335195	-3.335191	3.335175	
0.212000	-3.335212	-3.335209	3.335192	
0.213000	-3.335230	-3.335226	3.335210	
0.214000	-3.335248	-3.335244	3.335227	
0.215000	-3.335266	-3.335262	3.335245	
0.216000	-3.335285	-3.335280	3.335263	
0.217000	-3.335303	-3.335299	3.335281	
0.218000	-3.335321	-3.335317	3.335299	
0.219000	-3.335340	-3.335335	3.335317	
0.220000	-3.335358	-3.335354	3.335335	
0.221000	-3.335377	-3.335372	3.335353	
0.222000	-3.335395	-3.335391	3.335371	
0.223000	-3.335414	-3.335409	3.335389	
0.224000	-3.335433	-3.335428	3.335408	
0.225000	-3.335452	-3.335447	3.335426	
0.226000	-3.335471	-3.335466	3.335445	
0.227000	-3.335490	-3.335485	3.335464	
0.228000	-3.335509	-3.335504	3.335482	
0.229000	-3.335529	-3.335523	3.335501	
0.230000	-3.335548	-3.335543	3.335520	
0.231000	-3.335568	-3.335562	3.335539	
0.232000	-3.335587	-3.335582	3.335558	
0.233000	-3.335607	-3.335601	3.335577	
0.234000	-3.335626	-3.335621	3.335596	
0.235000	-3.335646	-3.335640	3.335616	
0.236000	-3.335666	-3.335660	3.335635	
0.237000	-3.335686	-3.335680	3.335655	
0.238000	-3.335706	-3.335700	3.335674	
0.239000	-3.335726	-3.335720	3.335694	
0.240000	-3.335747	-3.335740	3.335713	
0.241000	-3.335767	-3.335761	3.335733	
0.242000	-3.335787	-3.335781	3.335753	
0.243000	-3.335808	-3.335801	3.335773	
0.244000	-3.335829	-3.335822	3.335793	
0.245000	-3.335849	-3.335842	3.335813	
0.246000	-3.335870	-3.335863	3.335833	
0.247000	-3.335891	-3.335884	3.335854	
0.248000	-3.335912	-3.335905	3.335874	
0.249000	-3.335933	-3.335926	3.335894	
0.250000	-3.335954	-3.335947	3.335915	
0.251000	-3.335975	-3.335968	3.335935	
0.252000	-3.335997	-3.335989	3.335956	
0.253000	-3.336018	-3.336010	3.335977	
0.254000	-3.336040	-3.336032	3.335998	
0.255000	-3.336061	-3.336053	3.336019	
0.256000	-3.336083	-3.336075	3.336040	
0.257000	-3.336105	-3.336096	3.336061	
0.258000	-3.336126	-3.336118	3.336082	
0.259000	-3.336148	-3.336140	3.336103	
0.260000	-3.336170	-3.336162	3.336124	
0.261000	-3.336193	-3.336184	3.336146	
0.262000	-3.336215	-3.336206	3.336167	
0.263000	-3.336237	-3.336228	3.336189	
0.264000	-3.336259	-3.336250	3.336211	
0.265000	-3.336282	-3.336272	3.336232	
0.266000	-3.336304	-3.336295	3.336254	
0.267000	-3.336327	-3.336317	3.336276	
0.268000	-3.336350	-3.336340	3.336298	
0.269000	-3.336373	-3.336363	3.336320	
0.270000	-3.336396	-3.336385	3.336342	
0.271000	-3.336419	-3.336408	3.336364	
0.272000	-3.336442	-3.336431	3.336387	
0.273000	-3.336465	-3.336454	3.336409	
0.274000	-3.336488	-3.336477	3.336431	
0.275000	-3.336511	-3.336501	3.336454	
0.276000	-3.336535	-3.336524	3.336476	
0.277000	-3.336558	-3.336547	3.336499	
0.278000	-3.336582	-3.336571	3.336522	
0.279000	-3.336606	-3.336594	3.336545	
0.280000	-3.336630	-3.336618	3.336568	
0.281000	-3.336653	-3.336642	3.336591	
0.282000	-3.336677	-3.336665	3.336614	
0.283000	-3.336702	-3.336689	3.336637	
0.284000	-3.336726	-3.336713	3.336660	
0.285000	-3.336750	-3.336737	3.336683	
0.286000	-3.336774	-3.336762	3.336707	
0.287000	-3.336799	-3.336786	3.336730	
0.288000	-3.336823	-3.336810	3.336754	
0.289000	-3.336848	-3.336835	3.336778	
0.290000	-3.336873	-3.336859	3.336801	
0.291000	-3.336897	-3.336884	3.336825	
0.292000	-3.336922	-3.336908	3.336849	
0.293000	-3.336947	-3.336933	3.336873	
0.294000	-3.336972	-3.336958	3.336897	
0.295000	-3.336997	-3.336983	3.336921	
0.296000	-3.337023	-3.337008	3.336945	
0.297000	-3.337048	-3.337033	3.336969	
0.298000	-3.337073	-3.337058	3.336994	
0.299000	-3.337099	-3.337084	3.337018	
0.300000	-3.337125	-3.337109	3.337043	
0.301000	-3.337150	-3.337135	3.337067	
0.302000	-3.337176	-3.337160	3.337092	
0.303000	-3.337202	-3.337186	3.337117	
0.304000	-3.337228	-3.337212	3.337142	
0.305000	-3.337254	-3.337237	3.337167	
0.306000	-3.337280	-3.337263	3.337192	
0.307000	-3.337306	-3.337289	3.337217	
0.308000	-3.337333	-3.337316	3.337242	
0.309000	-3.337359	-3.337342	3.337267	
0.310000	-3.337386	-3.337368	3.337292	
0.311000	-3.337412	-3.337394	3.337318	
0.312000	-3.337439	-3.337421	3.337343	
0.313000	-3.337466	-3.337447	3.337369	
0.314000	-3.337493	-3.337474	3.337394	
0.315000	-3.337520	-3.337501	3.337420	
0.316000	-3.337547	-3.337528	3.337446	
0.317000	-3.337574	-3.337555	3.337472	
0.318000	-3.337601	-3.337582	3.337498	
0.319000	-3.337628	-3.337609	3.337524	
0.320000	-3.337656	-3.337636	3.337550	
0.321000	-3.337683	-3.337663	3.337576	
0.322000	-3.337711	-3.337690	3.337602	
0.323000	-3.337739	-3.337718	3.337628	
0.324000	-3.337766	-3.337745	3.337655	
0.325000	-3.337794	-3.337773	3.337681	
0.326000	-3.337822	-3.337801	3.337708	
0.327000	-3.337850	-3.337829	3.337735	
0.328000	-3.337879	-3.337857	3.337761	
0.329000	-3.337907	-3.337885	3.337788	
0.330000	-3.337935	-3.337913	3.337815	
0.331000	-3.337964	-3.337941	3.337842	
0.332000	-3.337992	-3.337969	3.337869	
0.333000	-3.338021	-3.337997	3.337896	
0.334000	-3.338050	-3.338026	3.337923	
0.335000	-3.338078	-3.338054	3.337951	
0.336000	-3.338107	-3.338083	3.337978	
0.337000	-3.338136	-3.338112	3.338005	
0.338000	-3.338165	-3.338140	3.338033	
0.339000	-3.338195	-3.338169	3.338061	
0.340000	-3.338224	-3.338198	3.338088	
0.341000	-3.338253	-3.338227	3.338116	
0.342000	-3.338283	-3.338257	3.338144	
0.343000	-3.338312	-3.338286	3.338172	
0.344000	-3.338342	-3.338315	3.338200	
0.345000	-3.338372	-3.338345	3.338228	
0.346000	-3.338401	-3.338374	3.338256	
0.347000	-3.338431	-3.338404	3.338284	
0.348000	-3.338461	-3.338433	3.338312	
0.349000	-3.338491	-3.338463	3.338341	
0.350000	-3.338522	-3.338493	3.338369	
0.351000	-3.338552	-3.338523	3.338398	
0.352000	-3.338582	-3.338553	3.338426	
0.353000	-3.338613	-3.338583	3.338455	
0.354000	-3.338643	-3.338614	3.338484	
0.355000	-3.338674	-3.338644	3.338513	
0.356000	-3.338705	-3.338674	3.338542	
0.357000	-3.338736	-3.338705	3.338571	
0.358000	-3.338767	-3.338735	3.338600	
0.359000	-3.338798	-3.338766	3.338629	
0.360000	-3.338829	-3.338797	3.338658	
0.361000	-3.338860	-3.338828	3.338687	
0.362000	-3.338891	-3.338859	3.338717	
0.363000	-3.338923	-3.338890	3.338746	
0.364000	-3.338954	-3.338921	3.338776	
0.365000	-3.338986	-3.338952	3.338805	
0.366000	-3.339018	-3.338984	3.338835	
0.367000	-3.339050	-3.339015	3.338865	
0.368000	-3.339081	-3.339047	3.338895	
0.369000	-3.339113	-3.339078	3.338925	
0.370000	-3.339146	-3.339110	3.338955	
0.371000	-3.339178	-3.339142	3.338985	
0.372000	-3.339210	-3.339174	3.339015	
0.373000	-3.339242	-3.339206	3.339045	
0.374000	-3.339275	-3.339238	3.339075	
0.375000	-3.339307	-3.339270	3.339106	
0.376000	-3.339340	-3.339302	3.339136	
0.377000	-3.339373	-3.339334	3.339167	
0.378000	-3.339406	-3.339367	3.339197	
0.379000	-3.339439	-3.339399	3.339228	
0.380000	-3.339472	-3.339432	3.339259	
0.381000	-3.339505	-3.339465	3.339290	
0.382000	-3.339538	-3.339497	3.339321	
0.383000	-3.339571	-3.339530	3.339352	
0.384000	-3.339605	-3.339563	3.339383	
0.385000	-3.339638	-3.339596	3.339414	
0.386000	-3.339672	-3.339630	3.339445	
0.387000	-3.339706	-3.339663	3.339476	
0.388000	-3.339739	-3.339696	3.339508	
0.389000	-3.339773	-3.339730	3.339539	
0.390000	-3.339807	-3.339763	3.339571	
0.391000	-3.339841	-3.339797	3.339603	
0.392000	-3.339876	-3.339831	3.339634	
0.393000	-3.339910	-3.339864	3.339666	
0.394000	-3.339944	-3.339898	3.339698	
0.395000	-3.339979	-3.339932	3.339730	
0.396000	-3.340013	-3.339966	3.339762	
0.397000	-3.340048	-3.340001	3.339794	
0.398000	-3.340083	-3.340035	3.339826	
0.399000	-3.340118	-3.340069	3.339858	
0.400000	-3.340153	-3.340104	3.339891	
0.401000	-3.340188	-3.340138	3.339923	
0.402000	-3.340223	-3.340173	3.339955	
0.403000	-3.340258	-3.340208	3.339988	
0.404000	-3.340293	-3.340243	3.340021	
0.405000	-3.340329	-3.340278	3.340053	
0.406000	-3.340364	-3.340313	3.340086	
0.407000	-3.340400	-3.340348	3.340119	
0.408000	-3.340436	-3.340383	3.340152	
0.409000	-3.340472	-3.340418	3.340185	
0.410000	-3.340508	-3.340454	3.340218	
0.411000	-3.340544	-3.340489	3.340251	
0.412000	-3.340580	-3.340525	3.340284	
0.413000	-3.340616	-3.340561	3.340318	
0.414000	-3.340652	-3.340596	3.340351	
0.415000	-3.340689	-3.340632	3.340384	
0.416000	-3.340725	-3.340668	3.340418	
0.417000	-3.340762	-3.340704	3.340451	
0.418000	-3.340799	-3.340740	3.340485	
0.419000	-3.340835	-3.340777	3.340519	
0.420000	-3.340872	-3.340813	3.340553	
0.421000	-3.340909	-3.340849	3.340587	
0.422000	-3.340947	-3.340886	3.340621	
0.423000	-3.340984	-3.340923	3.340655	
0.424000	-3.341021	-3.340959	3.340689	
0.425000	-3.341058	-3.340996	3.340723	
0.426000	-3.341096	-3.341033	3.340757	
0.427000	-3.341134	-3.341070	3.340792	
0.428000	-3.341171	-3.341107	3.340826	
0.429000	-3.341209	-3.341144	3.340861	
0.430000	-3.341247	-3.341182	3.340895	
0.431000	-3.341285	-3.341219	3.340930	
0.432000	-3.341323	-3.341257	3.340965	
0.433000	-3.341361	-3.341294	3.340999	
0.434000	-3.341400	-3.341332	3.341034	
0.435000	-3.341438	-3.341370	3.341069	
0.436000	-3.341476	-3.341408	3.341104	
0.437000	-3.341515	-3.341446	3.341139	
0.438000	-3.341554	-3.341484	3.341175	
0.439000	-3.341593	-3.341522	3.341210	
0.440000	-3.341631	-3.341560	3.341245	
0.441000	-3.341670	-3.341598	3.341281	
0.442000	-3.341710	-3.341637	3.341316	
0.443000	-3.341749	-3.341675	3.341352	
0.444000	-3.341788	-3.341714	3.341387	
0.445000	-3.341827	-3.341753	3.341423	
0.446000	-3.341867	-3.341792	3.341459	
0.447000	-3.341907	-3.341830	3.341494	
0.448000	-3.341946	-3.341869	3.341530	
0.449000	-3.341986	-3.341909	3.341566	
0.450000	-3.342026	-3.341948	3.341602	
0.451000	-3.342066	-3.341987	3.341639	
0.452000	-3.342106	-3.342026	3.341675	
0.453000	-3.342146	-3.342066	3.341711	
0.454000	-3.342187	-3.342106	3.341748	
0.455000	-3.342227	-3.342145	3.341784	
0.456000	-3.342268	-3.342185	3.341820	
0.457000	-3.342308	-3.342225	3.341857	
0.458000	-3.342349	-3.342265	3.341894	
0.459000	-3.342390	-3.342305	3.341930	
0.460000	-3.342431	-3.342345	3.341967	
0.461000	-3.342472	-3.342385	3.342004	
0.462000	-3.342513	-3.342426	3.342041	
0.463000	-3.342554	-3.342466	3.342078	
0.464000	-3.342595	-3.342507	3.342115	
0.465000	-3.342637	-3.342548	3.342152	
0.466000	-3.342678	-3.342588	3.342190	
0.467000	-3.342720	-3.342629	3.342227	
0.468000	-3.342762	-3.342670	3.342264	
0.469000	-3.342803	-3.342711	3.342302	
0.470000	-3.342845	-3.342752	3.342339	
0.471000	-3.342887	-3.342794	3.342377	
0.472000	-3.342930	-3.342835	3.342415	
0.473000	-3.342972	-3.342876	3.342453	
0.474000	-3.343014	-3.342918	3.342490	
0.475000	-3.343057	-3.342959	3.342528	
0.476000	-3.343099	-3.343001	3.342566	
0.477000	-3.343142	-3.343043	3.342604	
0.478000	-3.343185	-3.343085	3.342643	
0.479000	-3.343227	-3.343127	3.342681	
0.480000	-3.343270	-3.343169	3.342719	
0.481000	-3.343314	-3.343211	3.342757	
0.482000	-3.343357	-3.343254	3.342796	
0.483000	-3.343400	-3.343296	3.342834	
0.484000	-3.343443	-3.343339	3.342873	
0.485000	-3.343487	-3.343381	3.342911	
0.486000	-3.343530	-3.343424	3.342950	
0.487000	-3.343574	-3.343467	3.342989	
0.488000	-3.343618	-3.343510	3.343028	
0.489000	-3.343662	-3.343553	3.343067	
0.490000	-3.343706	-3.343596	3.343106	
0.491000	-3.343750	-3.343639	3.343145	
0.492000	-3.343794	-3.343682	3.343184	
0.493000	-3.343839	-3.343726	3.343223	
0.494000	-3.343883	-3.343769	3.343262	
0.495000	-3.343928	-3.343813	3.343302	
0.496000	-3.343972	-3.343857	3.343341	
0.497000	-3.344017	-3.343900	3.343381	
0.498000	-3.344062	-3.343944	3.343420	
0.499000	-3.344107	-3.343988	3.343460	
0.500000	-3.344152	-3.344032	3.343500	
0.501000	-3.344197	-3.344077	3.343540	
0.502000	-3.344242	-3.344121	3.343579	
0.503000	-3.344288	-3.344165	3.343619	
0.504000	-3.344333	-3.344210	3.343659	
0.505000	-3.344379	-3.344254	3.343699	
0.506000	-3.344424	-3.344299	3.343740	
0.507000	-3.344470	-3.344344	3.343780	
0.508000	-3.344516	-3.344389	3.343820	
0.509000	-3.344562	-3.344434	3.343860	
0.510000	-3.344608	-3.344479	3.343901	
0.511000	-3.344654	-3.344524	3.343941	
0.512000	-3.344701	-3.344569	3.343982	
0.513000	-3.344747	-3.344615	3.344023	
0.514000	-3.344794	-3.344660	3.344063	
0.515000	-3.344840	-3.344706	3.344104	
0.516000	-3.344887	-3.344752	3.344145	
0.517000	-3.344934	-3.344798	3.344186	
0.518000	-3.344981	-3.344843	3.344227	
0.519000	-3.345028	-3.344889	3.344268	
0.520000	-3.345075	-3.344936	3.344309	
0.521000	-3.345123	-3.344982	3.344350	
0.522000	-3.345170	-3.345028	3.344392	
0.523000	-3.345217	-3.345075	3.344433	
0.524000	-3.345265	-3.345121	3.344474	
0.525000	-3.345313	-3.345168	3.344516	
0.526000	-3.345361	-3.345214	3.344557	
0.527000	-3.345409	-3.345261	3.344599	
0.528000	-3.345457	-3.345308	3.344641	
0.529000	-3.345505	-3.345355	3.344683	
0.530000	-3.345553	-3.345402	3.344724	
0.531000	-3.345601	-3.345450	3.344766	
0.532000	-3.345650	-3.345497	3.344808	
0.533000	-3.345699	-3.345544	3.344850	
0.534000	-3.345747	-3.345592	3.344893	
0.535000	-3.345796	-3.345640	3.344935	
0.536000	-3.345845	-3.345687	3.344977	
0.537000	-3.345894	-3.345735	3.345019	
0.538000	-3.345943	-3.345783	3.345062	
0.539000	-3.345992	-3.345831	3.345104	
0.540000	-3.346042	-3.345879	3.345147	
0.541000	-3.346091	-3.345928	3.345189	
0.542000	-3.346141	-3.345976	3.345232	
0.543000	-3.346191	-3.346024	3.345275	
0.544000	-3.346240	-3.346073	3.345318	
0.545000	-3.346290	-3.346122	3.345360	
0.546000	-3.346340	-3.346170	3.345403	
0.547000	-3.346390	-3.346219	3.345446	
0.548000	-3.346441	-3.346268	3.345490	
0.549000	-3.346491	-3.346317	3.345533	
0.550000	-3.346541	-3.346367	3.345576	
0.551000	-3.346592	-3.346416	3.345619	
0.552000	-3.346643	-3.346465	3.345663	
0.553000	-3.346693	-3.346515	3.345706	
0.554000	-3.346744	-3.346564	3.345750	
0.555000	-3.346795	-3.346614	3.345793	
0.556000	-3.346847	-3.346664	3.345837	
0.557000	-3.346898	-3.346714	3.345880	
0.558000	-3.346949	-3.346764	3.345924	
0.559000	-3.347001	-3.346814	3.345968	
0.560000	-3.347052	-3.346864	3.346012	
0.561000	-3.347104	-3.346915	3.346056	
0.562000	-3.347156	-3.346965	3.346100	
0.563000	-3.347208	-3.347016	3.346144	
0.564000	-3.347260	-3.347066	3.346188	
0.565000	-3.347312	-3.347117	3.346233	
0.566000	-3.347364	-3.347168	3.346277	
0.567000	-3.347416	-3.347219	3.346321	
0.568000	-3.347469	-3.347270	3.346366	
0.569000	-3.347521	-3.347321	3.346410	
0.570000	-3.347574	-3.347372	3.346455	
0.571000	-3.347627	-3.347424	3.346500	
0.572000	-3.347680	-3.347475	3.346544	
0.573000	-3.347733	-3.347527	3.346589	
0.574000	-3.347786	-3.347579	3.346634	
0.575000	-3.347839	-3.347630	3.346679	
0.576000	-3.347893	-3.347682	3.346724	
0.577000	-3.347946	-3.347734	3.346769	
0.578000	-3.348000	-3.347786	3.346814	
0.579000	-3.348054	-3.347839	3.346859	
0.580000	-3.348107	-3.347891	3.346904	
0.581000	-3.348161	-3.347943	3.346950	
0.582000	-3.348215	-3.347996	3.346995	
0.583000	-3.348270	-3.348049	3.347041	
0.584000	-3.348324	-3.348101	3.347086	
0.585000	-3.348378	-3.348154	3.347132	
0.586000	-3.348433	-3.348207	3.347177	
0.587000	-3.348487	-3.348260	3.347223	
0.588000	-3.348542	-3.348314	3.347269	
0.589000	-3.348597	-3.348367	3.347315	
0.590000	-3.348652	-3.348420	3.347361	
0.591000	-3.348707	-3.348474	3.347407	
0.592000	-3.348762	-3.348528	3.347453	
0.593000	-3.348818	-3.348581	3.347499	
0.594000	-3.348873	-3.348635	3.347545	
0.595000	-3.348929	-3.348689	3.347591	
0.596000	-3.348984	-3.348743	3.347638	
0.597000	-3.349040	-3.348797	3.347684	
0.598000	-3.349096	-3.348852	3.347730	
0.599000	-3.349152	-3.348906	3.347777	
0.600000	-3.349208	-3.348961	3.347823	
0.601000	-3.349265	-3.349015	3.347870	
0.602000	-3.349321	-3.349070	3.347917	
0.603000	-3.349378	-3.349125	3.347964	
0.604000	-3.349434	-3.349180	3.348010	
0.605000	-3.349491	-3.349235	3.348057	
0.606000	-3.349548	-3.349290	3.348104	
0.607000	-3.349605	-3.349345	3.348151	
0.608000	-3.349662	-3.349400	3.348198	
0.609000	-3.349719	-3.349456	3.348246	
0.610000	-3.349776	-3.349512	3.348293	
0.611000	-3.349834	-3.349567	3.348340	
0.612000	-3.349891	-3.349623	3.348387	
0.613000	-3.349949	-3.349679	3.348435	
0.614000	-3.350007	-3.349735	3.348482	
0.615000	-3.350065	-3.349791	3.348530	
0.616000	-3.350123	-3.349847	3.348577	
0.617000	-3.350181	-3.349904	3.348625	
0.618000	-3.350239	-3.349960	3.348673	
0.619000	-3.350298	-3.350017	3.348721	
0.620000	-3.350356	-3.350074	3.348768	
0.621000	-3.350415	-3.350130	3.348816	
0.622000	-3.350474	-3.350187	3.348864	
0.623000	-3.350532	-3.350244	3.348912	
0.624000	-3.350591	-3.350301	3.348960	
0.625000	-3.350650	-3.350359	3.349009	
0.626000	-3.350710	-3.350416	3.349057	
0.627000	-3.350769	-3.350474	3.349105	
0.628000	-3.350829	-3.350531	3.349154	
0.629000	-3.350888	-3.350589	3.349202	
0.630000	-3.350948	-3.350647	3.349250	
0.631000	-3.351008	-3.350705	3.349299	
0.632000	-3.351068	-3.350763	3.349348	
0.633000	-3.351128	-3.350821	3.349396	
0.634000	-3.351188	-3.350879	3.349445	
0.635000	-3.351248	-3.350937	3.349494	
0.636000	-3.351309	-3.350996	3.349543	
0.637000	-3.351369	-3.351054	3.349592	
0.638000	-3.351430	-3.351113	3.349641	
0.639000	-3.351491	-3.351172	3.349690	
0.640000	-3.351552	-3.351231	3.349739	
0.641000	-3.351613	-3.351290	3.349788	
0.642000	-3.351674	-3.351349	3.349837	
0.643000	-3.351735	-3.351408	3.349886	
0.644000	-3.351797	-3.351468	3.349936	
0.645000	-3.351858	-3.351527	3.349985	
0.646000	-3.351920	-3.351587	3.350035	
0.647000	-3.351982	-3.351647	3.350084	
0.648000	-3.352044	-3.351706	3.350134	
0.649000	-3.352106	-3.351766	3.350183	
0.650000	-3.352168	-3.351826	3.350233	
0.651000	-3.352230	-3.351887	3.350283	
0.652000	-3.352293	-3.351947	3.350333	
0.653000	-3.352355	-3.352007	3.350383	
0.654000	-3.352418	-3.352068	3.350433	
0.655000	-3.352481	-3.352129	3.350483	
0.656000	-3.352543	-3.352189	3.350533	
0.657000	-3.352606	-3.352250	3.350583	
0.658000	-3.352670	-3.352311	3.350633	
0.659000	-3.352733	-3.352372	3.350683	
0.660000	-3.352796	-3.352433	3.350734	
0.661000	-3.352860	-3.352495	3.350784	
0.662000	-3.352924	-3.352556	3.350834	
0.663000	-3.352987	-3.352618	3.350885	
0.664000	-3.353051	-3.352680	3.350935	
0.665000	-3.353115	-3.352741	3.350986	
0.666000	-3.353179	-3.352803	3.351037	
0.667000	-3.353244	-3.352865	3.351087	
0.668000	-3.353308	-3.352927	3.351138	
0.669000	-3.353373	-3.352990	3.351189	
0.670000	-3.353437	-3.353052	3.351240	
0.671000	-3.353502	-3.353115	3.351291	
0.672000	-3.353567	-3.353177	3.351342	
0.673000	-3.353632	-3.353240	3.351393	
0.674000	-3.353697	-3.353303	3.351444	
0.675000	-3.353763	-3.353366	3.351495	
0.676000	-3.353828	-3.353429	3.351547	
0.677000	-3.353894	-3.353492	3.351598	
0.678000	-3.353959	-3.353555	3.351649	
0.679000	-3.354025	-3.353619	3.351701	
0.680000	-3.354091	-3.353682	3.351752	
0.681000	-3.354157	-3.353746	3.351804	
0.682000	-3.354223	-3.353810	3.351855	
0.683000	-3.354290	-3.353874	3.351907	
0.684000	-3.354356	-3.353938	3.351959	
0.685000	-3.354423	-3.354002	3.352011	
0.686000	-3.354490	-3.354066	3.352062	
0.687000	-3.354556	-3.354131	3.352114	
0.688000	-3.354623	-3.354195	3.352166	
0.689000	-3.354691	-3.354260	3.352218	
0.690000	-3.354758	-3.354324	3.352270	
0.691000	-3.354825	-3.354389	3.352322	
0.692000	-3.354893	-3.354454	3.352375	
0.693000	-3.354960	-3.354519	3.352427	
0.694000	-3.355028	-3.354585	3.352479	
0.695000	-3.355096	-3.354650	3.352531	
0.696000	-3.355164	-3.354715	3.352584	
0.697000	-3.355232	-3.354781	3.352636	
0.698000	-3.355300	-3.354847	3.352689	
0.699000	-3.355369	-3.354913	3.352741	
0.700000	-3.355437	-3.354979	3.352794	
0.701000	-3.355506	-3.355045	3.352847	
0.702000	-3.355575	-3.355111	3.352899	
0.703000	-3.355644	-3.355177	3.352952	
0.704000	-3.355713	-3.355244	3.353005	
0.705000	-3.355782	-3.355310	3.353058	
0.706000	-3.355852	-3.355377	3.353111	
0.707000	-3.355921	-3.355444	3.353164	
0.708000	-3.355991	-3.355511	3.353217	
0.709000	-3.356060	-3.355578	3.353270	
0.710000	-3.356130	-3.355645	3.353323	
0.711000	-3.356200	-3.355712	3.353376	
0.712000	-3.356270	-3.355779	3.353430	
0.713000	-3.356341	-3.355847	3.353483	
0.714000	-3.356411	-3.355915	3.353536	
0.715000	-3.356482	-3.355982	3.353590	
0.716000	-3.356552	-3.356050	3.353643	
0.717000	-3.356623	-3.356118	3.353697	
0.718000	-3.356694	-3.356186	3.353750	
0.719000	-3.356765	-3.356255	3.353804	
0.720000	-3.356836	-3.356323	3.353858	
0.721000	-3.356908	-3.356392	3.353911	
0.722000	-3.356979	-3.356460	3.353965	
0.723000	-3.357051	-3.356529	3.354019	
0.724000	-3.357123	-3.356598	3.354073	
0.725000	-3.357195	-3.356667	3.354127	
0.726000	-3.357267	-3.356736	3.354181	
0.727000	-3.357339	-3.356805	3.354235	
0.728000	-3.357411	-3.356875	3.354289	
0.729000	-3.357484	-3.356944	3.354343	
0.730000	-3.357556	-3.357014	3.354398	
0.731000	-3.357629	-3.357084	3.354452	
0.732000	-3.357702	-3.357154	3.354506	
0.733000	-3.357775	-3.357224	3.354561	
0.734000	-3.357848	-3.357294	3.354615	
0.735000	-3.357921	-3.357364	3.354669	
0.736000	-3.357995	-3.357434	3.354724	
0.737000	-3.358068	-3.357505	3.354779	
0.738000	-3.358142	-3.357576	3.354833	
0.739000	-3.358216	-3.357646	3.354888	
0.740000	-3.358290	-3.357717	3.354943	
0.741000	-3.358364	-3.357788	3.354997	
0.742000	-3.358438	-3.357860	3.355052	
0.743000	-3.358512	-3.357931	3.355107	
0.744000	-3.358587	-3.358002	3.355162	
0.745000	-3.358662	-3.358074	3.355217	
0.746000	-3.358736	-3.358146	3.355272	
0.747000	-3.358811	-3.358217	3.355327	
0.748000	-3.358887	-3.358289	3.355382	
0.749000	-3.358962	-3.358361	3.355437	
0.750000	-3.359037	-3.358434	3.355493	
0.751000	-3.359113	-3.358506	3.355548	
0.752000	-3.359188	-3.358578	3.355603	
0.753000	-3.359264	-3.358651	3.355659	
0.754000	-3.359340	-3.358724	3.355714	
0.755000	-3.359416	-3.358796	3.355769	
0.756000	-3.359492	-3.358869	3.355825	
0.757000	-3.359569	-3.358942	3.355881	
0.758000	-3.359645	-3.359016	3.355936	
0.759000	-3.359722	-3.359089	3.355992	
0.760000	-3.359799	-3.359163	3.356047	
0.761000	-3.359876	-3.359236	3.356103	
0.762000	-3.359953	-3.359310	3.356159	
0.763000	-3.360030	-3.359384	3.356215	
0.764000	-3.360107	-3.359458	3.356271	
0.765000	-3.360185	-3.359532	3.356327	
0.766000	-3.360262	-3.359606	3.356383	
0.767000	-3.360340	-3.359681	3.356439	
0.768000	-3.360418	-3.359755	3.356495	
0.769000	-3.360496	-3.359830	3.356551	
0.770000	-3.360575	-3.359905	3.356607	
0.771000	-3.360653	-3.359980	3.356663	
0.772000	-3.360731	-3.360055	3.356720	
0.773000	-3.360810	-3.360130	3.356776	
0.774000	-3.360889	-3.360205	3.356832	
0.775000	-3.360968	-3.360281	3.356889	
0.776000	-3.361047	-3.360356	3.356945	
0.777000	-3.361126	-3.360432	3.357002	
0.778000	-3.361206	-3.360508	3.357058	
0.779000	-3.361285	-3.360584	3.357115	
0.780000	-3.361365	-3.360660	3.357171	
0.781000	-3.361445	-3.360736	3.357228	
0.782000	-3.361525	-3.360813	3.357285	
0.783000	-3.361605	-3.360889	3.357341	
0.784000	-3.361685	-3.360966	3.357398	
0.785000	-3.361766	-3.361043	3.357455	
0.786000	-3.361846	-3.361120	3.357512	
0.787000	-3.361927	-3.361197	3.357569	
0.788000	-3.362008	-3.361274	3.357626	
0.789000	-3.362089	-3.361351	3.357683	
0.790000	-3.362170	-3.361429	3.357740	
0.791000	-3.362251	-3.361506	3.357797	
0.792000	-3.362333	-3.361584	3.357854	
0.793000	-3.362415	-3.361662	3.357911	
0.794000	-3.362496	-3.361740	3.357969	
0.795000	-3.362578	-3.361818	3.358026	
0.796000	-3.362660	-3.361897	3.358083	
0.797000	-3.362743	-3.361975	3.358141	
0.798000	-3.362825	-3.362054	3.358198	
0.799000	-3.362908	-3.362132	3.358255	
0.800000	-3.362990	-3.362211	3.358313	
0.801000	-3.363073	-3.362290	3.358370	
0.802000	-3.363156	-3.362369	3.358428	
0.803000	-3.363239	-3.362449	3.358486	
0.804000	-3.363323	-3.362528	3.358543	
0.805000	-3.363406	-3.362608	3.358601	
0.806000	-3.363490	-3.362687	3.358659	
0.807000	-3.363573	-3.362767	3.358716	
0.808000	-3.363657	-3.362847	3.358774	
0.809000	-3.363741	-3.362927	3.358832	
0.810000	-3.363826	-3.363008	3.358890	
0.811000	-3.363910	-3.363088	3.358948	
0.812000	-3.363994	-3.363169	3.359006	
0.813000	-3.364079	-3.363249	3.359064	
0.814000	-3.364164	-3.363330	3.359122	
0.815000	-3.364249	-3.363411	3.359180	
0.816000	-3.364334	-3.363492	3.359238	
0.817000	-3.364419	-3.363573	3.359296	
0.818000	-3.364505	-3.363655	3.359354	
0.819000	-3.364590	-3.363736	3.359413	
0.820000	-3.364676	-3.363818	3.359471	
0.821000	-3.364762	-3.363900	3.359529	
0.822000	-3.364848	-3.363982	3.359587	
0.823000	-3.364934	-3.364064	3.359646	
0.824000	-3.365021	-3.364146	3.359704	
0.825000	-3.365107	-3.364228	3.359763	
0.826000	-3.365194	-3.364311	3.359821	
0.827000	-3.365281	-3.364394	3.359880	
0.828000	-3.365368	-3.364477	3.359938	
0.829000	-3.365455	-3.364559	3.359997	
0.830000	-3.365543	-3.364643	3.360055	
0.831000	-3.365630	-3.364726	3.360114	
0.832000	-3.365718	-3.364809	3.360173	
0.833000	-3.365806	-3.364893	3.360232	
0.834000	-3.365894	-3.364977	3.360290	
0.835000	-3.365982	-3.365060	3.360349	
0.836000	-3.366070	-3.365144	3.360408	
0.837000	-3.366159	-3.365228	3.360467	
0.838000	-3.366247	-3.365313	3.360526	
0.839000	-3.366336	-3.365397	3.360585	
0.840000	-3.366425	-3.365482	3.360644	
0.841000	-3.366514	-3.365567	3.360703	
0.842000	-3.366603	-3.365651	3.360762	
0.843000	-3.366693	-3.365736	3.360821	
0.844000	-3.366782	-3.365822	3.360880	
0.845000	-3.366872	-3.365907	3.360939	
0.846000	-3.366962	-3.365992	3.360998	
0.847000	-3.367052	-3.366078	3.361057	
0.848000	-3.367142	-3.366164	3.361117	
0.849000	-3.367233	-3.366250	3.361176	
0.850000	-3.367323	-3.366336	3.361235	
0.851000	-3.367414	-3.366422	3.361294	
0.852000	-3.367505	-3.366508	3.361354	
0.853000	-3.367596	-3.366595	3.361413	
0.854000	-3.367687	-3.366681	3.361473	
0.855000	-3.367779	-3.366768	3.361532	
0.856000	-3.367870	-3.366855	3.361592	
0.857000	-3.367962	-3.366942	3.361651	
0.858000	-3.368054	-3.367030	3.361711	
0.859000	-3.368146	-3.367117	3.361770	
0.860000	-3.368238	-3.367205	3.361830	
0.861000	-3.368331	-3.367292	3.361889	
0.862000	-3.368423	-3.367380	3.361949	
0.863000	-3.368516	-3.367468	3.362009	
0.864000	-3.368609	-3.367557	3.362068	
0.865000	-3.368702	-3.367645	3.362128	
0.866000	-3.368795	-3.367733	3.362188	
0.867000	-3.368889	-3.367822	3.362248	
0.868000	-3.368982	-3.367911	3.362308	
0.869000	-3.369076	-3.368000	3.362367	
0.870000	-3.369170	-3.368089	3.362427	
0.871000	-3.369264	-3.368178	3.362487	
0.872000	-3.369358	-3.368268	3.362547	
0.873000	-3.369453	-3.368357	3.362607	
0.874000	-3.369547	-3.368447	3.362667	
0.875000	-3.369642	-3.368537	3.362727	
0.876000	-3.369737	-3.368627	3.362787	
0.877000	-3.369832	-3.368717	3.362847	
0.878000	-3.369927	-3.368807	3.362907	
0.879000	-3.370023	-3.368898	3.362967	
0.880000	-3.370118	-3.368989	3.363027	
0.881000	-3.370214	-3.369079	3.363088	
0.882000	-3.370310	-3.369170	3.363148	
0.883000	-3.370406	-3.369262	3.363208	
0.884000	-3.370503	-3.369353	3.363268	
0.885000	-3.370599	-3.369444	3.363329	
0.886000	-3.370696	-3.369536	3.363389	
0.887000	-3.370793	-3.369628	3.363449	
0.888000	-3.370890	-3.369720	3.363509	
0.889000	-3.370987	-3.369812	3.363570	
0.890000	-3.371084	-3.369904	3.363630	
0.891000	-3.371182	-3.369997	3.363691	
0.892000	-3.371279	-3.370089	3.363751	
0.893000	-3.371377	-3.370182	3.363811	
0.894000	-3.371475	-3.370275	3.363872	
0.895000	-3.371574	-3.370368	3.363932	
0.896000	-3.371672	-3.370461	3.363993	
0.897000	-3.371771	-3.370555	3.364053	
0.898000	-3.371869	-3.370648	3.364114	
0.899000	-3.371968	-3.370742	3.364174	
0.900000	-3.372068	-3.370836	3.364235	
0.901000	-3.372167	-3.370930	3.364296	
0.902000	-3.372266	-3.371024	3.364356	
0.903000	-3.372366	-3.371119	3.364417	
0.904000	-3.372466	-3.371213	3.364477	
0.905000	-3.372566	-3.371308	3.364538	
0.906000	-3.372666	-3.371403	3.364599	
0.907000	-3.372767	-3.371498	3.364660	
0.908000	-3.372867	-3.371593	3.364720	
0.909000	-3.372968	-3.371688	3.364781	
0.910000	-3.373069	-3.371784	3.364842	
0.911000	-3.373170	-3.371880	3.364903	
0.912000	-3.373271	-3.371976	3.364963	
0.913000	-3.373373	-3.372072	3.365024	
0.914000	-3.373474	-3.372168	3.365085	
0.915000	-3.373576	-3.372264	3.365146	
0.916000	-3.373678	-3.372361	3.365207	
0.917000	-3.373781	-3.372458	3.365267	
0.918000	-3.373883	-3.372555	3.365328	
0.919000	-3.373986	-3.372652	3.365389	
0.920000	-3.374088	-3.372749	3.365450	
0.921000	-3.374191	-3.372846	3.365511	
0.922000	-3.374294	-3.372944	3.365572	
0.923000	-3.374398	-3.373042	3.365633	
0.924000	-3.374501	-3.373140	3.365694	
0.925000	-3.374605	-3.373238	3.365755	
0.926000	-3.374709	-3.373336	3.365816	
0.927000	-3.374813	-3.373434	3.365877	
0.928000	-3.374917	-3.373533	3.365938	
0.929000	-3.375022	-3.373632	3.365999	
0.930000	-3.375126	-3.373731	3.366060	
0.931000	-3.375231	-3.373830	3.366121	
0.932000	-3.375336	-3.373929	3.366182	
0.933000	-3.375441	-3.374029	3.366243	
0.934000	-3.375547	-3.374129	3.366304	
0.935000	-3.375652	-3.374228	3.366365	
0.936000	-3.375758	-3.374328	3.366426	
0.937000	-3.375864	-3.374429	3.366487	
0.938000	-3.375970	-3.374529	3.366549	
0.939000	-3.376077	-3.374630	3.366610	
0.940000	-3.376183	-3.374730	3.366671	
0.941000	-3.376290	-3.374831	3.366732	
0.942000	-3.376397	-3.374932	3.366793	
0.943000	-3.376504	-3.375034	3.366854	
0.944000	-3.376611	-3.375135	3.366915	
0.945000	-3.376719	-3.375237	3.366977	
0.946000	-3.376827	-3.375338	3.367038	
0.947000	-3.376935	-3.375440	3.367099	
0.948000	-3.377043	-3.375543	3.367160	
0.949000	-3.377151	-3.375645	3.367221	
0.950000	-3.377259	-3.375748	3.367282	
0.951000	-3.377368	-3.375850	3.367344	
0.952000	-3.377477	-3.375953	3.367405	
0.953000	-3.377586	-3.376056	3.367466	
0.954000	-3.377695	-3.376160	3.367527	
0.955000	-3.377805	-3.376263	3.367588	
0.956000	-3.377915	-3.376367	3.367650	
0.957000	-3.378024	-3.376470	3.367711	
0.958000	-3.378134	-3.376574	3.367772	
0.959000	-3.378245	-3.376679	3.367833	
0.960000	-3.378355	-3.376783	3.367894	
0.961000	-3.378466	-3.376888	3.367956	
0.962000	-3.378577	-3.376992	3.368017	
0.963000	-3.378688	-3.377097	3.368078	
0.964000	-3.378799	-3.377202	3.368139	
0.965000	-3.378911	-3.377308	3.368200	
0.966000	-3.379022	-3.377413	3.368262	
0.967000	-3.379134	-3.377519	3.368323	
0.968000	-3.379246	-3.377625	3.368384	
0.969000	-3.379358	-3.377731	3.368445	
0.970000	-3.379471	-3.377837	3.368507	
0.971000	-3.379584	-3.377944	3.368568	
0.972000	-3.379697	-3.378050	3.368629	
0.973000	-3.379810	-3.378157	3.368690	
0.974000	-3.379923	-3.378264	3.368751	
0.975000	-3.380036	-3.378371	3.368813	
0.976000	-3.380150	-3.378479	3.368874	
0.977000	-3.380264	-3.378586	3.368935	
0.978000	-3.380378	-3.378694	3.368996	
0.979000	-3.380493	-3.378802	3.369057	
0.980000	-3.380607	-3.378910	3.369118	
0.981000	-3.380722	-3.379019	3.369180	
0.982000	-3.380837	-3.379127	3.369241	
0.983000	-3.380952	-3.379236	3.369302	
0.984000	-3.381067	-3.379345	3.369363	
0.985000	-3.381183	-3.379454	3.369424	
0.986000	-3.381299	-3.379563	3.369485	
0.987000	-3.381415	-3.379673	3.369546	
0.988000	-3.381531	-3.379783	3.369607	
0.989000	-3.381647	-3.379893	3.369668	
0.990000	-3.381764	-3.380003	3.369730	
0.991000	-3.381881	-3.380113	3.369791	
0.992000	-3.381998	-3.380224	3.369852	
0.993000	-3.382115	-3.380334	3.369913	
0.994000	-3.382233	-3.380445	3.369974	
0.995000	-3.382350	-3.380557	3.370035	
0.996000	-3.382468	-3.380668	3.370096	
0.997000	-3.382586	-3.380779	3.370157	
0.998000	-3.382705	-3.380891	3.370218	
0.999000	-3.382823	-3.381003	3.370279	
1.000000	-3.382942	-3.381115	3.370340	
